{
  "kind": "engine",
  "strategy": "threshold",
  "overrides": [],
  "cost_model": {
    "haircut": 0.01,
    "p_fail": 0.2,
    "seed": 42
  },
  "data": "data/quotes_all.parquet",
  "elapsed_sec": 0.82,
  "total_pnl": 15.599701492537331,
  "mdd": -19.640298507462667,
  "score": 5.779552238805998,
  "slugs": 241,
  "wins": 85,
  "losses": 99,
  "fills": 398,
  "sell_fail_rate": 0.21739130434782608,
  "per_source": {
    "grid_jan_feb": 24.15,
    "live_mar03": 4.35,
    "sim_new": -12.9
  },
  "per_slug": {
    "btc-updown-15m-1769384700": 1.0,
    "btc-updown-15m-1769385600": 0.0,
    "btc-updown-15m-1769386500": -0.6999999999999993,
    "btc-updown-15m-1769387400": -1.0,
    "btc-updown-15m-1769388300": 0.0,
    "btc-updown-15m-1769389200": 0.0,
    "btc-updown-15m-1769390100": 0.0,
    "btc-updown-15m-1769391000": -1.0,
    "btc-updown-15m-1769391900": -0.7999999999999989,
    "btc-updown-15m-1769392800": 1.3000000000000007,
    "btc-updown-15m-1769393700": 1.3000000000000007,
    "btc-updown-15m-1769394600": 1.4000000000000004,
    "btc-updown-15m-1769395500": 0.0,
    "btc-updown-15m-1769399100": 0.0,
    "btc-updown-15m-1769400000": 0.9000000000000004,
    "btc-updown-15m-1769400900": 0.0,
    "btc-updown-15m-1769401800": 1.8000000000000007,
    "btc-updown-15m-1769402700": -0.7000000000000002,
    "btc-updown-15m-1769403600": -0.9000000000000004,
    "btc-updown-15m-1769404500": 0.0,
    "btc-updown-15m-1769405400": -0.7000000000000011,
    "btc-updown-15m-1769406300": -0.6999999999999993,
    "btc-updown-15m-1769407200": -0.9000000000000004,
    "btc-updown-15m-1769408100": 0.0,
    "btc-updown-15m-1769409000": -0.9000000000000004,
    "btc-updown-15m-1769409900": -0.7000000000000011,
    "btc-updown-15m-1769410800": 1.2000000000000002,
    "btc-updown-15m-1769411700": 1.8000000000000007,
    "btc-updown-15m-1769412600": 0.0,
    "btc-updown-15m-1769413500": 1.6999999999999993,
    "btc-updown-15m-1769414400": -1.0999999999999996,
    "btc-updown-15m-1769415300": 0.0,
    "btc-updown-15m-1769416200": -0.7000000000000002,
    "btc-updown-15m-1769417100": 1.8000000000000007,
    "btc-updown-15m-1769418000": 0.0,
    "btc-updown-15m-1769418900": -0.9000000000000004,
    "btc-updown-15m-1769419800": -1.5000000000000027,
    "btc-updown-15m-1769420700": 0.9000000000000004,
    "btc-updown-15m-1769421600": 0.0,
    "btc-updown-15m-1770168600": 1.4000000000000004,
    "btc-updown-15m-1770169500": 0.0,
    "btc-updown-15m-1770178500": 0.0,
    "btc-updown-15m-1770179400": -0.7000000000000002,
    "btc-updown-15m-1770180300": 0.8000000000000007,
    "btc-updown-15m-1770181200": -1.200000000000001,
    "btc-updown-15m-1770182100": -0.7000000000000011,
    "btc-updown-15m-1770183000": 0.0,
    "btc-updown-15m-1770183900": -0.7000000000000002,
    "btc-updown-15m-1770184800": 0.0,
    "btc-updown-15m-1770185700": -1.4000000000000012,
    "btc-updown-15m-1770186600": 0.0,
    "btc-updown-15m-1770187500": -0.799999999999998,
    "btc-updown-15m-1770188400": 0.5999999999999996,
    "btc-updown-15m-1770189300": 1.8000000000000007,
    "btc-updown-15m-1770190200": -1.9000000000000012,
    "btc-updown-15m-1770191100": -0.7000000000000011,
    "btc-updown-15m-1770192000": 0.8000000000000016,
    "btc-updown-15m-1770192900": 1.8000000000000007,
    "btc-updown-15m-1770193800": 0.0,
    "btc-updown-15m-1770248700": 1.3000000000000007,
    "btc-updown-15m-1770249600": -0.9000000000000004,
    "btc-updown-15m-1770250500": 0.0,
    "btc-updown-15m-1770251400": -1.700000000000002,
    "btc-updown-15m-1770252300": 1.8000000000000016,
    "btc-updown-15m-1770253200": 0.9000000000000004,
    "btc-updown-15m-1770254100": 0.3999999999999986,
    "btc-updown-15m-1770255000": 0.0,
    "btc-updown-15m-1770267600": -0.8000000000000007,
    "btc-updown-15m-1770268500": 0.0,
    "btc-updown-15m-1770269400": 0.9000000000000004,
    "btc-updown-15m-1770270300": 1.6999999999999993,
    "btc-updown-15m-1770271200": -0.7000000000000002,
    "btc-updown-15m-1770272100": 0.8999999999999986,
    "btc-updown-15m-1770273000": 1.1300000000000008,
    "btc-updown-15m-1770273900": -0.9000000000000021,
    "btc-updown-15m-1770274800": 0.6999999999999993,
    "btc-updown-15m-1770275700": 0.8000000000000007,
    "btc-updown-15m-1770276600": 1.5000000000000027,
    "btc-updown-15m-1770277500": 1.0,
    "btc-updown-15m-1770278400": 0.9999999999999982,
    "btc-updown-15m-1770279300": 1.8000000000000007,
    "btc-updown-15m-1770280200": 0.0,
    "btc-updown-15m-1770281100": 0.0,
    "btc-updown-15m-1770335100": 0.0,
    "btc-updown-15m-1770336000": 0.0,
    "btc-updown-15m-1770336900": 1.8000000000000007,
    "btc-updown-15m-1770337800": 0.0,
    "btc-updown-15m-1770338700": 1.8000000000000007,
    "btc-updown-15m-1770339600": 0.7999999999999989,
    "btc-updown-15m-1770340500": 0.0,
    "btc-updown-15m-1770342300": 0.0,
    "btc-updown-15m-1770343200": 0.8000000000000007,
    "btc-updown-15m-1770344100": 1.3000000000000007,
    "btc-updown-15m-1770345000": 1.8000000000000007,
    "btc-updown-15m-1770345900": 1.6999999999999993,
    "btc-updown-15m-1770346800": -0.7999999999999972,
    "btc-updown-15m-1770349500": 0.0,
    "btc-updown-15m-1770350400": -0.7000000000000028,
    "btc-updown-15m-1770767100": 0.0,
    "btc-updown-15m-1770768000": -0.8000000000000007,
    "btc-updown-15m-1770768900": 0.0,
    "btc-updown-15m-1770769800": 1.8000000000000007,
    "btc-updown-15m-1770770700": 1.6099999999999994,
    "btc-updown-15m-1770771600": -0.6999999999999993,
    "btc-updown-15m-1770772500": 0.0,
    "btc-updown-15m-1770773400": -0.6999999999999993,
    "btc-updown-15m-1770774300": 1.5,
    "btc-updown-15m-1770775200": -2.0000000000000036,
    "btc-updown-15m-1770776100": 1.5999999999999979,
    "btc-updown-15m-1770777000": 1.1000000000000014,
    "btc-updown-15m-1770779700": 0.0,
    "btc-updown-15m-1770780600": 1.3999999999999986,
    "btc-updown-15m-1770781500": 1.6000000000000014,
    "btc-updown-15m-1770782400": -0.8000000000000007,
    "btc-updown-15m-1770783300": -1.0,
    "btc-updown-15m-1770784200": 1.5,
    "btc-updown-15m-1770785100": -0.9000000000000021,
    "btc-updown-15m-1770786000": 1.6999999999999993,
    "btc-updown-15m-1770786900": -0.6999999999999993,
    "btc-updown-15m-1770787800": 1.6999999999999993,
    "btc-updown-15m-1770788700": -0.6999999999999993,
    "btc-updown-15m-1770789600": 1.8000000000000007,
    "btc-updown-15m-1770790500": 0.0,
    "btc-updown-15m-1770793200": 0.5,
    "btc-updown-15m-1770794100": -0.6999999999999993,
    "btc-updown-15m-1770795000": -1.0,
    "btc-updown-15m-1770795900": 1.6999999999999993,
    "btc-updown-15m-1770796800": -1.5999999999999979,
    "btc-updown-15m-1770797700": -0.6999999999999993,
    "btc-updown-15m-1770798600": -0.8000000000000007,
    "btc-updown-15m-1770799500": -0.6999999999999993,
    "btc-updown-15m-1770800400": -0.6999999999999993,
    "btc-updown-15m-1771206300": -0.7000000000000028,
    "btc-updown-15m-1771207200": -1.5999999999999979,
    "btc-updown-15m-1771208100": 0.9000000000000021,
    "btc-updown-15m-1771209000": 0.8000000000000007,
    "btc-updown-15m-1771209900": 1.3999999999999986,
    "btc-updown-15m-1771210800": 1.6999999999999993,
    "btc-updown-15m-1771211700": 1.5000000000000036,
    "btc-updown-15m-1771212600": 1.6999999999999993,
    "btc-updown-15m-1771213500": 1.2000000000000028,
    "btc-updown-15m-1771214400": 0.0,
    "btc-updown-15m-1771215300": 0.0,
    "btc-updown-15m-1771216200": -0.6999999999999993,
    "btc-updown-15m-1771217100": 0.0,
    "btc-updown-15m-1771218000": 0.0,
    "btc-updown-15m-1771218900": 1.0999999999999979,
    "btc-updown-15m-1771219800": 1.0,
    "btc-updown-15m-1771220700": 1.6000000000000014,
    "btc-updown-15m-1771221600": 0.0,
    "btc-updown-15m-1771222500": -1.1000000000000014,
    "btc-updown-15m-1771223400": 0.0,
    "btc-updown-15m-1771224300": -1.0,
    "btc-updown-15m-1771225200": -0.6999999999999957,
    "btc-updown-15m-1771226100": -0.6999999999999957,