{
  "kind": "engine",
  "strategy": "threshold",
  "overrides": [],
  "cost_model": {
    "haircut": 0.01,
    "p_fail": 0.2,
    "seed": 42
  },
  "data": "data/quotes_all.parquet",
  "elapsed_sec": 1.04,
  "total_pnl": 11.789751243781021,
  "mdd": -10.300000000000008,
  "score": 6.639751243781017,
  "slugs": 241,
  "wins": 109,
  "losses": 65,
  "fills": 352,
  "sell_fail_rate": 0.2222222222222222,
  "per_source": {
    "grid_jan_feb": 14.44,
    "live_mar03": -0.95,
    "sim_260706": -0.2,
    "sim_260711": 0.3,
    "sim_260712": -3.5,
    "sim_260713": 1.7
  },
  "per_slug": {
    "btc-updown-15m-1769384700": 0.8999999999999986,
    "btc-updown-15m-1769385600": 0.0,
    "btc-updown-15m-1769386500": 1.1999999999999993,
    "btc-updown-15m-1769387400": 1.1999999999999993,
    "btc-updown-15m-1769388300": 0.0,
    "btc-updown-15m-1769389200": 0.0,
    "btc-updown-15m-1769390100": 0.0,
    "btc-updown-15m-1769391000": -1.4000000000000004,
    "btc-updown-15m-1769391900": -1.4000000000000004,
    "btc-updown-15m-1769392800": 1.1999999999999993,
    "btc-updown-15m-1769393700": 1.1999999999999993,
    "btc-updown-15m-1769394600": 1.1999999999999993,
    "btc-updown-15m-1769395500": 0.0,
    "btc-updown-15m-1769399100": 0.0,
    "btc-updown-15m-1769400000": 0.7999999999999989,
    "btc-updown-15m-1769400900": 0.0,
    "btc-updown-15m-1769401800": 0.0,
    "btc-updown-15m-1769402700": -1.3000000000000007,
    "btc-updown-15m-1769403600": -1.4000000000000004,
    "btc-updown-15m-1769404500": 0.0,
    "btc-updown-15m-1769405400": 1.0,
    "btc-updown-15m-1769406300": -1.2999999999999998,
    "btc-updown-15m-1769407200": -1.4000000000000004,
    "btc-updown-15m-1769408100": 0.0,
    "btc-updown-15m-1769409000": -1.3999999999999995,
    "btc-updown-15m-1769409900": -1.4000000000000004,
    "btc-updown-15m-1769410800": 1.1999999999999993,
    "btc-updown-15m-1769411700": 1.1999999999999993,
    "btc-updown-15m-1769412600": 0.0,
    "btc-updown-15m-1769413500": 1.1999999999999993,
    "btc-updown-15m-1769414400": 1.0,
    "btc-updown-15m-1769415300": 0.0,
    "btc-updown-15m-1769416200": -1.2999999999999998,
    "btc-updown-15m-1769417100": 1.1999999999999993,
    "btc-updown-15m-1769418000": 0.0,
    "btc-updown-15m-1769418900": -1.5,
    "btc-updown-15m-1769419800": -1.3000000000000007,
    "btc-updown-15m-1769420700": 0.7999999999999998,
    "btc-updown-15m-1769421600": 0.0,
    "btc-updown-15m-1770168600": 1.1999999999999993,
    "btc-updown-15m-1770169500": 0.0,
    "btc-updown-15m-1770178500": 0.0,
    "btc-updown-15m-1770179400": 0.0,
    "btc-updown-15m-1770180300": 0.6999999999999993,
    "btc-updown-15m-1770181200": -1.7999999999999998,
    "btc-updown-15m-1770182100": -1.5000000000000009,
    "btc-updown-15m-1770183000": 0.0,
    "btc-updown-15m-1770183900": -1.5,
    "btc-updown-15m-1770184800": 0.0,
    "btc-updown-15m-1770185700": -1.2999999999999998,
    "btc-updown-15m-1770186600": 0.0,
    "btc-updown-15m-1770187500": -1.4000000000000004,
    "btc-updown-15m-1770188400": 0.6000000000000005,
    "btc-updown-15m-1770189300": 1.1999999999999993,
    "btc-updown-15m-1770190200": 1.1999999999999993,
    "btc-updown-15m-1770191100": 0.40000000000000036,
    "btc-updown-15m-1770192000": 0.6999999999999993,
    "btc-updown-15m-1770192900": 1.1999999999999993,
    "btc-updown-15m-1770193800": 0.0,
    "btc-updown-15m-1770248700": 1.1999999999999993,
    "btc-updown-15m-1770249600": 1.0999999999999996,
    "btc-updown-15m-1770250500": 0.0,
    "btc-updown-15m-1770251400": -1.2999999999999998,
    "btc-updown-15m-1770252300": 1.1999999999999993,
    "btc-updown-15m-1770253200": 0.7999999999999989,
    "btc-updown-15m-1770254100": -0.5000000000000018,
    "btc-updown-15m-1770255000": 0.0,
    "btc-updown-15m-1770267600": -1.4000000000000004,
    "btc-updown-15m-1770268500": 0.0,
    "btc-updown-15m-1770269400": 0.7999999999999989,
    "btc-updown-15m-1770270300": 1.1999999999999993,
    "btc-updown-15m-1770271200": -1.299999999999999,
    "btc-updown-15m-1770272100": -1.3000000000000007,
    "btc-updown-15m-1770273000": 0.9999999999999991,
    "btc-updown-15m-1770273900": 0.0,
    "btc-updown-15m-1770274800": 0.6999999999999993,
    "btc-updown-15m-1770275700": 0.6999999999999993,
    "btc-updown-15m-1770276600": 1.1999999999999993,
    "btc-updown-15m-1770277500": 0.8999999999999986,
    "btc-updown-15m-1770278400": -1.5,
    "btc-updown-15m-1770279300": 1.0999999999999996,
    "btc-updown-15m-1770280200": 0.0,
    "btc-updown-15m-1770281100": 0.0,
    "btc-updown-15m-1770335100": 0.0,
    "btc-updown-15m-1770336000": 0.0,
    "btc-updown-15m-1770336900": 1.1999999999999993,
    "btc-updown-15m-1770337800": 0.0,
    "btc-updown-15m-1770338700": 1.1999999999999993,
    "btc-updown-15m-1770339600": 0.7400000000000002,
    "btc-updown-15m-1770340500": 0.0,
    "btc-updown-15m-1770342300": 0.0,
    "btc-updown-15m-1770343200": 0.6999999999999993,
    "btc-updown-15m-1770344100": 1.1999999999999993,
    "btc-updown-15m-1770345000": 1.1999999999999993,
    "btc-updown-15m-1770345900": 1.1999999999999993,
    "btc-updown-15m-1770346800": -1.3000000000000007,
    "btc-updown-15m-1770349500": 0.0,
    "btc-updown-15m-1770350400": -1.3000000000000007,
    "btc-updown-15m-1770767100": 0.0,
    "btc-updown-15m-1770768000": -2.2,
    "btc-updown-15m-1770768900": 0.0,
    "btc-updown-15m-1770769800": 1.2000000000000002,
    "btc-updown-15m-1770770700": 1.0999999999999996,
    "btc-updown-15m-1770771600": -1.5,
    "btc-updown-15m-1770772500": 0.0,
    "btc-updown-15m-1770773400": 1.1999999999999993,
    "btc-updown-15m-1770774300": 1.0999999999999996,
    "btc-updown-15m-1770775200": -1.4000000000000004,
    "btc-updown-15m-1770776100": 1.0999999999999996,
    "btc-updown-15m-1770777000": 1.1999999999999993,
    "btc-updown-15m-1770779700": 0.0,
    "btc-updown-15m-1770780600": 1.1999999999999993,
    "btc-updown-15m-1770781500": 1.1999999999999993,
    "btc-updown-15m-1770782400": -1.6000000000000014,
    "btc-updown-15m-1770783300": -1.5,
    "btc-updown-15m-1770784200": 1.1999999999999993,
    "btc-updown-15m-1770785100": 0.3000000000000007,
    "btc-updown-15m-1770786000": 1.0999999999999996,
    "btc-updown-15m-1770786900": -1.4000000000000004,
    "btc-updown-15m-1770787800": 1.0,
    "btc-updown-15m-1770788700": -1.3999999999999986,
    "btc-updown-15m-1770789600": 1.1999999999999993,
    "btc-updown-15m-1770790500": 0.0,
    "btc-updown-15m-1770793200": 1.0999999999999996,
    "btc-updown-15m-1770794100": -1.5,
    "btc-updown-15m-1770795000": -1.3000000000000007,
    "btc-updown-15m-1770795900": 1.1999999999999993,
    "btc-updown-15m-1770796800": -2.6999999999999993,
    "btc-updown-15m-1770797700": -1.4000000000000004,
    "btc-updown-15m-1770798600": 1.0,
    "btc-updown-15m-1770799500": -1.3000000000000007,
    "btc-updown-15m-1770800400": 0.0,
    "btc-updown-15m-1771206300": -1.3000000000000007,
    "btc-updown-15m-1771207200": -1.3000000000000007,
    "btc-updown-15m-1771208100": 0.7999999999999989,
    "btc-updown-15m-1771209000": 0.6999999999999993,
    "btc-updown-15m-1771209900": 1.0999999999999996,
    "btc-updown-15m-1771210800": 1.1999999999999993,
    "btc-updown-15m-1771211700": 1.1999999999999993,
    "btc-updown-15m-1771212600": 1.1999999999999993,
    "btc-updown-15m-1771213500": 1.0999999999999996,
    "btc-updown-15m-1771214400": 0.0,
    "btc-updown-15m-1771215300": 0.0,
    "btc-updown-15m-1771216200": 0.7999999999999989,
    "btc-updown-15m-1771217100": 0.0,
    "btc-updown-15m-1771218000": 0.0,
    "btc-updown-15m-1771218900": 0.9000000000000004,
    "btc-updown-15m-1771219800": 0.8999999999999986,
    "btc-updown-15m-1771220700": 1.0999999999999996,
    "btc-updown-15m-1771221600": 0.0,
    "btc-updown-15m-1771222500": 0.8000000000000007,
    "btc-updown-15m-1771223400": 0.0,
    "btc-updown-15m-1771224300": -1.6999999999999993,
    "btc-updown-15m-1771225200": 1.0999999999999979,