{
  "kind": "engine",
  "strategy": "ma_breakout",
  "overrides": [],
  "cost_model": {
    "haircut": 0.01,
    "p_fail": 0.2,
    "seed": 42
  },
  "data": "data/quotes_all.parquet",
  "elapsed_sec": 1.33,
  "total_pnl": -5.181094527363186,
  "mdd": -52.80099502487562,
  "score": -31.581592039800995,
  "slugs": 209,
  "wins": 45,
  "losses": 91,
  "fills": 1138,
  "sell_fail_rate": 0.21448863636363635,
  "per_source": {
    "grid_jan_feb": 24.74,
    "live_mar03": -29.92,
    "sim_new": 0.0
  },
  "per_slug": {
    "btc-updown-15m-1769384700": 0.0,
    "btc-updown-15m-1769385600": 0.0,
    "btc-updown-15m-1769386500": -0.8000000000000007,
    "btc-updown-15m-1769387400": -3.500000000000001,
    "btc-updown-15m-1769388300": -0.39999999999999947,
    "btc-updown-15m-1769389200": -0.08999999999999986,
    "btc-updown-15m-1769390100": -0.6799999999999997,
    "btc-updown-15m-1769391000": -4.9,
    "btc-updown-15m-1769391900": -2.700000000000003,
    "btc-updown-15m-1769392800": -1.2000000000000028,
    "btc-updown-15m-1769393700": 0.0,
    "btc-updown-15m-1769394600": -0.6999999999999993,
    "btc-updown-15m-1769395500": 0.0,
    "btc-updown-15m-1769399100": 0.0,
    "btc-updown-15m-1769400000": 0.0,
    "btc-updown-15m-1769400900": 0.0,
    "btc-updown-15m-1769401800": -0.5000000000000018,
    "btc-updown-15m-1769402700": 2.9000000000000004,
    "btc-updown-15m-1769403600": -3.9999999999999964,
    "btc-updown-15m-1769404500": 0.0,
    "btc-updown-15m-1769405400": 3.6999999999999975,
    "btc-updown-15m-1769406300": 2.3999999999999932,
    "btc-updown-15m-1769407200": 6.399999999999999,
    "btc-updown-15m-1769408100": 0.0,
    "btc-updown-15m-1769409000": 6.299999999999999,
    "btc-updown-15m-1769409900": -1.3000000000000016,
    "btc-updown-15m-1769410800": 3.499999999999999,
    "btc-updown-15m-1769411700": -2.0999999999999996,
    "btc-updown-15m-1769412600": 5.9,
    "btc-updown-15m-1769413500": 4.899999999999999,
    "btc-updown-15m-1769414400": 8.21,
    "btc-updown-15m-1769415300": 0.0,
    "btc-updown-15m-1769416200": -0.40000000000000213,
    "btc-updown-15m-1769417100": 4.100000000000001,
    "btc-updown-15m-1769418000": 0.0,
    "btc-updown-15m-1769418900": -4.300000000000001,
    "btc-updown-15m-1769419800": -1.9000000000000057,
    "btc-updown-15m-1769420700": 0.0,
    "btc-updown-15m-1769421600": 0.0,
    "btc-updown-15m-1770168600": -2.3000000000000007,
    "btc-updown-15m-1770169500": 0.0,
    "btc-updown-15m-1770178500": 0.0,
    "btc-updown-15m-1770179400": -5.8000000000000025,
    "btc-updown-15m-1770180300": -0.3000000000000007,
    "btc-updown-15m-1770181200": -0.29999999999999893,
    "btc-updown-15m-1770182100": -0.40000000000000036,
    "btc-updown-15m-1770183000": 0.0,
    "btc-updown-15m-1770183900": 11.9,
    "btc-updown-15m-1770184800": 0.0,
    "btc-updown-15m-1770185700": -1.5999999999999979,
    "btc-updown-15m-1770186600": 0.0,
    "btc-updown-15m-1770187500": -1.4000000000000021,
    "btc-updown-15m-1770188400": -2.659999999999993,
    "btc-updown-15m-1770189300": -1.3000000000000007,
    "btc-updown-15m-1770190200": 5.299999999999997,
    "btc-updown-15m-1770191100": 0.3000000000000007,
    "btc-updown-15m-1770192000": -0.7000000000000028,
    "btc-updown-15m-1770192900": 5.299999999999997,
    "btc-updown-15m-1770193800": 0.0,
    "btc-updown-15m-1770248700": 0.0,
    "btc-updown-15m-1770249600": -1.9000000000000057,
    "btc-updown-15m-1770250500": 0.0,
    "btc-updown-15m-1770251400": -3.1999999999999993,
    "btc-updown-15m-1770252300": 0.0,
    "btc-updown-15m-1770253200": 0.0,
    "btc-updown-15m-1770254100": -0.8500000000000014,
    "btc-updown-15m-1770255000": -0.6000000000000014,
    "btc-updown-15m-1770267600": 0.0,
    "btc-updown-15m-1770268500": 0.0,
    "btc-updown-15m-1770269400": 0.0,
    "btc-updown-15m-1770270300": -1.0,
    "btc-updown-15m-1770271200": -5.200000000000001,
    "btc-updown-15m-1770272100": -3.4000000000000004,
    "btc-updown-15m-1770273000": 0.0,
    "btc-updown-15m-1770273900": 1.700000000000001,
    "btc-updown-15m-1770274800": -1.700000000000001,
    "btc-updown-15m-1770275700": 0.0,
    "btc-updown-15m-1770276600": 0.0,
    "btc-updown-15m-1770277500": 0.0,
    "btc-updown-15m-1770278400": -0.3000000000000007,
    "btc-updown-15m-1770279300": -1.0,
    "btc-updown-15m-1770280200": 4.399999999999999,
    "btc-updown-15m-1770281100": 0.0,
    "btc-updown-15m-1770335100": 0.0,
    "btc-updown-15m-1770336000": 0.0,
    "btc-updown-15m-1770336900": 0.0,
    "btc-updown-15m-1770337800": -0.08000000000000007,
    "btc-updown-15m-1770338700": 0.0,
    "btc-updown-15m-1770339600": 0.0,
    "btc-updown-15m-1770340500": 0.0,
    "btc-updown-15m-1770342300": 0.0,
    "btc-updown-15m-1770343200": 0.0,
    "btc-updown-15m-1770344100": 0.0,
    "btc-updown-15m-1770345000": -0.7000000000000011,
    "btc-updown-15m-1770345900": -0.7999999999999972,
    "btc-updown-15m-1770346800": 4.799999999999999,
    "btc-updown-15m-1770349500": -0.05000000000000071,
    "btc-updown-15m-1770350400": 0.6999999999999993,
    "btc-updown-15m-1770767100": 0.0,
    "btc-updown-15m-1770768000": 1.5999999999999996,
    "btc-updown-15m-1770768900": 0.0,
    "btc-updown-15m-1770769800": 0.1999999999999993,
    "btc-updown-15m-1770770700": 0.0,
    "btc-updown-15m-1770771600": 2.8999999999999986,
    "btc-updown-15m-1770772500": 0.0,
    "btc-updown-15m-1770773400": -1.3999999999999986,
    "btc-updown-15m-1770774300": -2.0,
    "btc-updown-15m-1770775200": 3.1000000000000014,
    "btc-updown-15m-1770776100": -1.7999999999999972,
    "btc-updown-15m-1770777000": -2.5,
    "btc-updown-15m-1770779700": 0.0,
    "btc-updown-15m-1770780600": -0.5,
    "btc-updown-15m-1770781500": 0.0,
    "btc-updown-15m-1770782400": 4.100000000000001,
    "btc-updown-15m-1770783300": 5.899999999999999,
    "btc-updown-15m-1770784200": 5.599999999999994,
    "btc-updown-15m-1770785100": 0.6000000000000014,
    "btc-updown-15m-1770786000": -0.3999999999999986,
    "btc-updown-15m-1770786900": -0.3000000000000007,
    "btc-updown-15m-1770787800": -2.099999999999998,
    "btc-updown-15m-1770788700": 6.799999999999997,
    "btc-updown-15m-1770789600": 5.100000000000001,
    "btc-updown-15m-1770790500": 0.0,
    "btc-updown-15m-1770793200": 5.699999999999996,
    "btc-updown-15m-1770794100": -4.099999999999994,
    "btc-updown-15m-1770795000": -0.29999999999999716,
    "btc-updown-15m-1770795900": 5.599999999999994,
    "btc-updown-15m-1770796800": -2.499999999999993,
    "btc-updown-15m-1770797700": -3.0999999999999943,
    "btc-updown-15m-1770798600": -4.700000000000003,
    "btc-updown-15m-1770799500": -6.700000000000003,
    "btc-updown-15m-1770800400": 0.5,
    "btc-updown-15m-1771206300": 0.0,
    "btc-updown-15m-1771207200": 7.100000000000001,
    "btc-updown-15m-1771208100": 0.0,
    "btc-updown-15m-1771209000": 0.0,
    "btc-updown-15m-1771209900": 0.0,
    "btc-updown-15m-1771210800": 0.0,
    "btc-updown-15m-1771211700": 0.0,
    "btc-updown-15m-1771212600": -0.6999999999999957,
    "btc-updown-15m-1771213500": -0.29999999999999716,
    "btc-updown-15m-1771214400": 0.0,
    "btc-updown-15m-1771215300": 0.0,
    "btc-updown-15m-1771216200": -0.8999999999999986,
    "btc-updown-15m-1771217100": 0.0,
    "btc-updown-15m-1771218000": 0.0,
    "btc-updown-15m-1771218900": 4.699999999999996,
    "btc-updown-15m-1771219800": 0.0,
    "btc-updown-15m-1771220700": 0.0,
    "btc-updown-15m-1771221600": 2.709950248756236,
    "btc-updown-15m-1771222500": -3.299999999999997,
    "btc-updown-15m-1771223400": 0.0,
    "btc-updown-15m-1771224300": -5.990049751243774,
    "btc-updown-15m-1771225200": -2.900000000000002,
    "btc-updown-15m-1771226100": 8.2,
    "btc-updown-15m-1771227000": 6.799999999999997,
    "btc-updown-15m-1771227900": -3.299999999999997,
    "btc-updown-15m-1771228800": 0.0,
    "btc-updown-15m-1772181000": 0.0,
    "btc-updown-15m-1772181900": 0.0,
    "btc-updown-15m-1772182800": -1.20000000000001,